[
  {
    "titulo": "Paella Valenciana",
    "ingredientes": [
      "Arroz",
      "Pollo",
      "Conejo",
      "Judía verde",
      "Tomate",
      "Azafrán",
      "Aceite de oliva",
      "Sal"
    ],
    "descripcion": "La paella valenciana es un plato icónico de la cocina española. Para prepararla, comienza calentando aceite de oliva en una paellera y sofríe los trozos de pollo y conejo hasta que estén dorados. Añade la judía verde cortada y el tomate rallado, y cocina hasta que se evapore el agua del tomate. Luego, incorpora el arroz y mezcla bien para que absorba los sabores del sofrito. Agrega agua caliente o caldo de pollo y sazona con sal y azafrán para darle ese característico color dorado. Cocina a fuego alto durante los primeros 10 minutos y luego reduce el fuego hasta que el arroz esté en su punto. Deja reposar unos minutos antes de servir para que se concentren los sabores.",
    "imagen": "blob:https://github.com/2be865fb-791a-4b9f-acd0-c7caad5eb6dc"
  }
  
  {
    
      "titulo": "Tortilla de Patatas",
      "ingredientes": ["Patatas", "Huevos", "Cebolla", "Aceite de oliva", "Sal"],
      "descripcion": "La tortilla de patatas es un clásico de la cocina española, ideal para cualquier momento del día. Pela y corta las patatas en rodajas finas, y haz lo mismo con la cebolla si decides incluirla. Calienta abundante aceite de oliva en una sartén y fríe las patatas junto con la cebolla a fuego medio hasta que estén tiernas pero no crujientes. Escúrrelas bien para eliminar el exceso de aceite. En un bol grande, bate los huevos con una pizca de sal y mezcla con las patatas fritas. Vierte la mezcla en una sartén con un poco de aceite caliente y cocina a fuego medio. Cuando esté cuajada por un lado, dale la vuelta con un plato o una tapa para dorar el otro lado. Ajusta el tiempo de cocción según prefieras la tortilla más o menos jugosa.",
      "imagen": "blob:https://github.com/887e7ac4-9c89-44fc-affe-b2f322b7836c"
    }
    
  {
    "titulo": "Gazpacho Andaluz",
    "ingredientes": [
      "Tomates",
      "Pepino",
      "Pimiento verde",
      "Ajo",
      "Aceite de oliva",
      "Vinagre",
      "Sal"
    ],
    "descripcion": "El gazpacho andaluz es una sopa fría refrescante y nutritiva, perfecta para los días calurosos de verano. Comienza pelando los tomates y cortándolos en trozos grandes. Pela el pepino, retira las semillas si lo deseas, y córtalo en trozos. Trocea también el pimiento verde y pela un diente de ajo. Coloca todos los ingredientes en una batidora junto con una buena cantidad de aceite de oliva, un chorrito de vinagre y sal al gusto. Tritura hasta obtener una textura homogénea y suave. Si prefieres una textura más fina, puedes pasar la mezcla por un colador. Deja enfriar en la nevera durante al menos una hora antes de servir. Acompaña con trocitos de pan tostado, picatostes o trozos de vegetales para darle un toque crujiente.",
    "imagen":"https://raw.githubusercontent.com/albitadinamita24/audio/refs/heads/main/recepta_3.webp"
  }
]
